<?xml version="1.0" encoding="UTF-8"?>

<project name="Polyspace" files="3" includes="39" ap_cg_cycle="0" ap_cg_direct_cycle="0" pshv="0" unpshv="0">
<file name="C:\Users\nzt9hv\Documents\Synergy\ccm_wa\ESG_Dev_65\MtrVel_Digi-nzt9hv\MtrVel_Digi\src\Sa_MtrVel3.c" total_lines="208" lines_without_cmt="59" comf="36" fco="-1">
<function name="MtrVel3_Per1" path="2" goto="0" vg="2" calling="0" calls="0" param="0" stmt="7" level="1" return="0" vocf="3.3" flin="20" fxln="6" ncalls="0">
</function>
<function name="MtrVel3_Init" path="3" goto="0" vg="3" calling="0" calls="0" param="0" stmt="8" level="2" return="0" vocf="3.3" flin="30" fxln="8" ncalls="0">
</function>
</file>
<file name="C:\Users\nzt9hv\Documents\Synergy\ccm_wa\ESG_Dev_65\MtrVel_Digi-nzt9hv\MtrVel_Digi\src\Sa_MtrVel2.c" total_lines="775" lines_without_cmt="127" comf="37" fco="6">
<function name="MtrVel2_Per2" path="32" goto="0" vg="12" calling="0" calls="4" param="0" stmt="22" level="1" return="0" vocf="6.6" flin="77" fxln="25" ncalls="6">
</function>
<function name="MtrVel2_Per1" path="2" goto="0" vg="4" calling="0" calls="2" param="0" stmt="21" level="1" return="0" vocf="4.4" flin="68" fxln="22" ncalls="2">
</function>
<function name="MtrVel2_Init" path="1" goto="0" vg="1" calling="0" calls="0" param="0" stmt="3" level="1" return="0" vocf="2.1" flin="15" fxln="3" ncalls="0">
</function>
<function name="NF_FullUpdate_f32" path="1" goto="0" vg="1" calling="0" calls="2" param="3" stmt="3" level="1" return="1" vocf="2.0" flin="0" fxln="0" ncalls="2">
</function>
<function name="NF_OpUpdate_f32" path="1" goto="0" vg="1" calling="2" calls="0" param="2" stmt="2" level="1" return="1" vocf="1.9" flin="0" fxln="0" ncalls="0">
</function>
<function name="NF_SvUpdate_f32" path="1" goto="0" vg="1" calling="2" calls="0" param="3" stmt="4" level="1" return="1" vocf="4.2" flin="0" fxln="0" ncalls="0">
</function>
<function name="Blend_f32" path="1" goto="0" vg="1" calling="0" calls="0" param="3" stmt="1" level="1" return="1" vocf="2.9" flin="0" fxln="0" ncalls="0">
</function>
</file>
<file name="C:\Users\nzt9hv\Documents\Synergy\ccm_wa\ESG_Dev_65\MtrVel_Digi-nzt9hv\MtrVel_Digi\src\Sa_MtrVel.c" total_lines="968" lines_without_cmt="245" comf="24" fco="9">
<function name="RegressionFit" path="8" goto="0" vg="5" calling="1" calls="0" param="0" stmt="24" level="3" return="1" vocf="6.1" flin="74" fxln="24" ncalls="0">
</function>
<function name="MtrVelBlend" path="1" goto="0" vg="2" calling="1" calls="1" param="2" stmt="5" level="1" return="1" vocf="3.4" flin="18" fxln="9" ncalls="1">
</function>
<function name="CalcCoarseVel" path="1" goto="0" vg="1" calling="1" calls="0" param="2" stmt="2" level="1" return="1" vocf="1.8" flin="5" fxln="2" ncalls="0">
</function>
<function name="MtrVel_Per2" path="64" goto="0" vg="13" calling="0" calls="5" param="0" stmt="28" level="1" return="0" vocf="7.3" flin="84" fxln="32" ncalls="8">
</function>
<function name="MtrVel_Per1" path="3" goto="0" vg="7" calling="0" calls="5" param="0" stmt="30" level="2" return="0" vocf="6.2" flin="68" fxln="31" ncalls="5">
</function>
<function name="MtrVel_Init" path="1" goto="0" vg="1" calling="0" calls="0" param="0" stmt="2" level="1" return="0" vocf="1.3" flin="11" fxln="2" ncalls="0">
</function>
<function name="NF_FullUpdate_f32" path="1" goto="0" vg="1" calling="0" calls="2" param="3" stmt="3" level="1" return="1" vocf="2.0" flin="0" fxln="0" ncalls="2">
</function>
<function name="NF_OpUpdate_f32" path="1" goto="0" vg="1" calling="2" calls="0" param="2" stmt="2" level="1" return="1" vocf="1.9" flin="0" fxln="0" ncalls="0">
</function>
<function name="NF_SvUpdate_f32" path="1" goto="0" vg="1" calling="2" calls="0" param="3" stmt="4" level="1" return="1" vocf="4.2" flin="0" fxln="0" ncalls="0">
</function>
<function name="Blend_f32" path="1" goto="0" vg="1" calling="0" calls="0" param="3" stmt="1" level="1" return="1" vocf="2.9" flin="0" fxln="0" ncalls="0">
</function>
</file>
</project>
