<?xml version="1.0" encoding="UTF-8"?>
<MISRA-C-Report-Summary>
<File Mode="advisory" Error="0" Warning="11" Total="11">
<Name>
C:\Users\nzt9hv\Documents\Synergy\ccm_wa\ESG_Dev_65\MtrVel_Digi-nzt9hv\MtrVel_Digi\src\Sa_MtrVel.c</Name>
</File>
<File Mode="required" Error="0" Warning="51" Total="51">
<Name>
C:\Users\nzt9hv\Documents\Synergy\ccm_wa\ESG_Dev_65\MtrVel_Digi-nzt9hv\MtrVel_Digi\src\Sa_MtrVel.c</Name>
</File>
<File Mode="advisory" Error="0" Warning="8" Total="8">
<Name>
C:\Users\nzt9hv\Documents\Synergy\ccm_wa\ESG_Dev_65\MtrVel_Digi-nzt9hv\MtrVel_Digi\src\Sa_MtrVel2.c</Name>
</File>
<File Mode="required" Error="0" Warning="19" Total="19">
<Name>
C:\Users\nzt9hv\Documents\Synergy\ccm_wa\ESG_Dev_65\MtrVel_Digi-nzt9hv\MtrVel_Digi\src\Sa_MtrVel2.c</Name>
</File>
<File Mode="advisory" Error="0" Warning="11" Total="11">
<Name>
C:\Users\nzt9hv\Documents\Synergy\ccm_wa\ESG_Dev_65\MtrVel_Digi-nzt9hv\MtrVel_Digi\src\Sa_MtrVel3.c</Name>
</File>
<File Mode="required" Error="0" Warning="2" Total="2">
<Name>
C:\Users\nzt9hv\Documents\Synergy\ccm_wa\ESG_Dev_65\MtrVel_Digi-nzt9hv\MtrVel_Digi\src\Sa_MtrVel3.c</Name>
</File>
<Rule Name="13.7" Count="28" Mode="required" Severity="warning">
<Message>
Boolean operations whose results are invariant shall not be permitted.</Message>
</Rule>
<Rule Name="19.1" Count="19" Mode="advisory" Severity="warning">
<Message>
#include statements in a file shall only be preceded by other preprocessor directives or comments.</Message>
</Rule>
<Rule Name="8.7" Count="17" Mode="required" Severity="warning">
<Message>
Objects shall be defined at block scope if they are only accessed from</Message>
</Rule>
<Rule Name="10.1" Count="8" Mode="required" Severity="warning">
<Message>
</Message>
</Rule>
<Rule Name="8.10" Count="8" Mode="required" Severity="warning">
<Message>
</Message>
</Rule>
<Rule Name="5.7" Count="6" Mode="advisory" Severity="warning">
<Message>
</Message>
</Rule>
<Rule Name="6.3" Count="5" Mode="advisory" Severity="warning">
<Message>
typedefs that indicate size and signedness should be used in place of the basic types.</Message>
</Rule>
<Rule Name="10.2" Count="4" Mode="required" Severity="warning">
<Message>
Implicit conversion of complex floating expression from 'float' to 'double'.</Message>
</Rule>
<Rule Name="8.1" Count="4" Mode="required" Severity="warning">
<Message>
Function 'fabsf' has no complete visible prototype at call.</Message>
</Rule>
<Rule Name="10.3" Count="1" Mode="required" Severity="warning">
<Message>
Complex expression of underlying type 'signed short' may only be cast to narrower integer</Message>
</Rule>
<Rule Name="10.4" Count="1" Mode="required" Severity="warning">
<Message>
Complex expression of 'float' type may only be cast to narrower floating type,</Message>
</Rule>
<Rule Name="8.8" Count="1" Mode="required" Severity="warning">
<Message>
Function 'fabsf' has external declarations in multiples files.</Message>
</Rule>
</MISRA-C-Report-Summary>
