<?xml version="1.0" encoding="UTF-8"?>

<project name="Polyspace" files="2" includes="33" ap_cg_cycle="0" ap_cg_direct_cycle="0" pshv="0" unpshv="0">
<file name="C:\Rijvi_Synergy\Core_Component\Working\SVDiag-jzk9cc\SVDiag\src\Sa_MtrDrvDiag.c" total_lines="1139" lines_without_cmt="358" comf="13" fco="33">
<function name="MotorDriverInit" path="4" goto="0" vg="3" calling="1" calls="3" param="0" stmt="10" level="1" return="1" vocf="3.7" flin="22" fxln="11" ncalls="3">
</function>
<function name="GateDrvWaitTime" path="2" goto="0" vg="2" calling="2" calls="2" param="1" stmt="3" level="1" return="0" vocf="2.3" flin="9" fxln="4" ncalls="2">
</function>
<function name="ResetGateDrive" path="1" goto="0" vg="1" calling="2" calls="4" param="0" stmt="5" level="1" return="0" vocf="2.5" flin="7" fxln="5" ncalls="5">
</function>
<function name="ReadMtrDrvFltData" path="96" goto="0" vg="16" calling="2" calls="4" param="1" stmt="61" level="3" return="1" vocf="6.3" flin="108" fxln="72" ncalls="7">
</function>
<function name="ProcBridgeFlt" path="6" goto="0" vg="8" calling="1" calls="3" param="2" stmt="23" level="5" return="0" vocf="6.5" flin="48" fxln="25" ncalls="6">
</function>
<function name="ProcGateDriveFlt" path="3" goto="0" vg="5" calling="1" calls="2" param="2" stmt="7" level="2" return="0" vocf="4.1" flin="18" fxln="8" ncalls="3">
</function>
<function name="MtrDrvDiag_Trns1" path="1" goto="0" vg="1" calling="0" calls="1" param="0" stmt="6" level="1" return="0" vocf="2.5" flin="17" fxln="6" ncalls="1">
</function>
<function name="MtrDrvDiag_Per2" path="1" goto="0" vg="1" calling="0" calls="1" param="0" stmt="1" level="1" return="0" vocf="1.7" flin="10" fxln="1" ncalls="1">
</function>
<function name="MtrDrvDiag_Per1" path="8" goto="0" vg="9" calling="0" calls="9" param="0" stmt="37" level="4" return="0" vocf="6.6" flin="94" fxln="41" ncalls="13">
</function>
<function name="Blend_f32" path="1" goto="0" vg="1" calling="0" calls="0" param="3" stmt="1" level="1" return="1" vocf="2.9" flin="0" fxln="0" ncalls="0">
</function>
</file>
<file name="C:\Rijvi_Synergy\Core_Component\Working\SVDiag-jzk9cc\SVDiag\src\Ap_DigPhsReasDiag.c" total_lines="985" lines_without_cmt="285" comf="34" fco="2">
<function name="Read_CountToRev" path="1" goto="0" vg="1" calling="1" calls="0" param="1" stmt="2" level="1" return="1" vocf="2.2" flin="4" fxln="2" ncalls="0">
</function>
<function name="PhaseGroundTabLookupoffset" path="2" goto="0" vg="32" calling="1" calls="0" param="1" stmt="7" level="1" return="0" vocf="74.6" flin="14" fxln="8" ncalls="0">
</function>
<function name="DigPhsReasDiag_Trans1" path="1" goto="0" vg="1" calling="0" calls="0" param="0" stmt="2" level="1" return="0" vocf="1.4" flin="11" fxln="2" ncalls="0">
</function>
<function name="DigPhsReasDiag_Per1" path="28416" goto="0" vg="77" calling="0" calls="5" param="0" stmt="87" level="4" return="0" vocf="28.0" flin="246" fxln="102" ncalls="6">
</function>
<function name="DigPhsReasDiag_Init" path="1" goto="0" vg="1" calling="0" calls="0" param="0" stmt="1" level="1" return="0" vocf="1.6" flin="10" fxln="2" ncalls="0">
</function>
<function name="NF_FullUpdate_f32" path="1" goto="0" vg="1" calling="0" calls="2" param="3" stmt="3" level="1" return="1" vocf="2.0" flin="0" fxln="0" ncalls="2">
</function>
<function name="NF_OpUpdate_f32" path="1" goto="0" vg="1" calling="1" calls="0" param="2" stmt="2" level="1" return="1" vocf="1.9" flin="0" fxln="0" ncalls="0">
</function>
<function name="NF_SvUpdate_f32" path="1" goto="0" vg="1" calling="1" calls="0" param="3" stmt="4" level="1" return="1" vocf="4.2" flin="0" fxln="0" ncalls="0">
</function>
<function name="Blend_f32" path="1" goto="0" vg="1" calling="0" calls="0" param="3" stmt="1" level="1" return="1" vocf="2.9" flin="0" fxln="0" ncalls="0">
</function>
</file>
</project>
