<?xml version="1.0" encoding="UTF-8"?>

<project name="Polyspace" files="1" includes="30" ap_cg_cycle="0" ap_cg_direct_cycle="0" pshv="0" unpshv="0">
<file name="C:\Rijvi_Synergy\Core_Component\Working\DigMSB-jzk9cc\DigMSB\src\Sa_DigMSB.c" total_lines="1694" lines_without_cmt="709" comf="24" fco="45">
<function name="MtrPosProcessing" path="2" goto="0" vg="17" calling="2" calls="0" param="3" stmt="7" level="1" return="1" vocf="15.0" flin="18" fxln="8" ncalls="0">
</function>
<function name="RevCntrProcessing" path="2" goto="0" vg="2" calling="1" calls="0" param="2" stmt="5" level="1" return="1" vocf="2.6" flin="11" fxln="5" ncalls="0">
</function>
<function name="ErrorRegisterProcessing" path="1" goto="0" vg="1" calling="1" calls="0" param="2" stmt="3" level="1" return="1" vocf="2.6" flin="6" fxln="3" ncalls="0">
</function>
<function name="DigMSB_Per1" path="24" goto="0" vg="21" calling="0" calls="23" param="0" stmt="43" level="2" return="0" vocf="11.0" flin="124" fxln="45" ncalls="23">
</function>
<function name="DigMSB_Per3" path="6" goto="0" vg="4" calling="0" calls="2" param="0" stmt="19" level="2" return="0" vocf="5.5" flin="67" fxln="29" ncalls="2">
</function>
<function name="DigMSB_Per2" path="5971968000" goto="0" vg="86" calling="0" calls="7" param="0" stmt="193" level="3" return="0" vocf="19.0" flin="552" fxln="217" ncalls="20">
</function>
<function name="DigMSB_Init" path="2" goto="0" vg="2" calling="0" calls="5" param="0" stmt="24" level="1" return="0" vocf="3.5" flin="54" fxln="25" ncalls="6">
</function>
<function name="Blend_f32" path="1" goto="0" vg="1" calling="0" calls="0" param="3" stmt="1" level="1" return="1" vocf="2.9" flin="0" fxln="0" ncalls="0">
</function>
</file>
</project>
