<?xml version="1.0" encoding="UTF-8"?>
<MISRA-C-Report-Summary>
<File Mode="required" Error="0" Warning="45" Total="45">
<Name>
C:\SynergyWorkspace\WorkingProjects\VehDyn-gzkys7\VehDyn\src\Ap_VehDyn.c</Name>
</File>
<Rule Name="8.7" Count="11" Mode="required" Severity="warning">
<Message>
Objects shall be defined at block scope if they are only accessed from</Message>
</Rule>
<Rule Name="10.1" Count="10" Mode="required" Severity="warning">
<Message>
</Message>
</Rule>
<Rule Name="8.1" Count="10" Mode="required" Severity="warning">
<Message>
</Message>
</Rule>
<Rule Name="10.2" Count="8" Mode="required" Severity="warning">
<Message>
Implicit conversion of complex floating expression from 'float' to 'double'.</Message>
</Rule>
<Rule Name="8.10" Count="6" Mode="required" Severity="warning">
<Message>
</Message>
</Rule>
</MISRA-C-Report-Summary>
